,Electronic,Experimental,Folk,Hip-Hop,Instrumental,International,Pop,Rock
Electronic,0,370.9907187447625,583.3337485471365,966.1026711498997,1257.5753877288869,423.2975345784542,295.3799520547073,336.82643320193773
Experimental,370.9907187447625,0,810.3137361202691,1221.18380839305,1512.5191115771684,438.4383308139811,513.3028486727661,573.644226203205
Folk,583.3337485471365,810.3137361202691,0,522.9800201332285,829.7721875314106,864.0507303652512,504.96594038133355,413.0199356925432
Hip-Hop,966.1026711498997,1221.18380839305,522.9800201332285,0,442.8809186220247,1191.3414134262189,830.4691534594507,744.2534995734726
Instrumental,1257.5753877288869,1512.5191115771684,829.7721875314106,442.8809186220247,0,1470.0429644138376,1117.0845143012218,1025.063023713519
International,423.2975345784542,438.4383308139811,864.0507303652512,1191.3414134262189,1470.0429644138376,0,455.0953586726121,551.2956251607849
Pop,295.3799520547073,513.3028486727661,504.96594038133355,830.4691534594507,1117.0845143012218,455.0953586726121,0,248.53172890193443
Rock,336.82643320193773,573.644226203205,413.0199356925432,744.2534995734726,1025.063023713519,551.2956251607849,248.53172890193443,0
